label, id
 Faisal,0
 Zeenat,1
A C Jesudoss Prabhakaran,2
Abarghuei Mirazimi Faezeh,3
Adam T Groth,4
Akihiro Wada,5
Akrem Jalel,6
Alan M Krensky,7
Amanuel Bahiru,8
Amar Nath Mehrotra,9
Anca Daniela Vladoi,10
Anusuya Ramasamy,11
Arbabian Sedigheh,12
Arunava Kali,13
Ashraf F I Nabhan,14
Asri Yones,15
Assadi Mostafa,16
Atsuhisa Ueda,17
Awatef Msolly,18
Berhanu Sisay,19
Bi Dezhong,20
Bin Xu,21
Bogdan A Jalba,22
Bogdan Chicos,23
Bostanabad Saeed Zaker,24
Boughrine Nawal,25
Bouzarisaravani Zahra,26
C S Jalba,27
Chen Dan,28
Chen Weimiao,29
Cheng Fu,30
Cheng Tian,31
Chhunthang Thanpari,32
Chie Ishikawa,33
Chihiro Sasakawa,34
Chrisanthy Vlachaki,35
Christian Stratowa,36
Christine Lorenz,37
Dagmar Hengge,38
Dan Meng,39
Daniele D'Ambrosio,40
David E Anderson,41
Dechun Zhang,42
Dennis Ndolo,43
Dhiraj Valjibhai Chawda,44
Dong Hwa Kim,45
Dragos Catalin Jianu,46
E A Dosumu,47
E Stefan,48
Edward Awh,49
Edward K Vogel,50
Er-Rami Mohammed,51
Eriko Takeshima,52
Eriko Uema,53
Esmaeili Akbar,54
F Gherghina,55
Farshadfar Mohsen,56
Fazil Hasan,57
Feng Shuowen,58
Fici Silvio,59
Fu-Ji Chen,60
Fukunori Kinjo,61
G Miu,62
Gaigi Siala Soumaya,63
Garshasbi Shima,64
Gary Ringham,65
George Dimosthenis Tsitsas,66
Geran Afsaneh,67
Ghezeljehmeidan Leila Joudi,68
Guangmei Tian,69
H Bahadur,70
H Michael Frisch,71
Hai Peng,72
Han Zou,73
Hang Liu,74
Hashjin Zohreh Sayyah,75
Hategekimana Athanase,76
He Cong Ying,77
Heidi Wiehler,78
Hind El Youss,79
Hiromitsu Teruya,80
Hitomi Mimuro,81
Hongmei Wang,82
Huang Xuan,83
Hussein Hamarashid Sahar,84
Hyun Yung Lee,85
Hyung-Min Chung,86
Inimioara Mihaela Cojocaru,87
Ioanna Kotsi,88
Iqbal Rabia,89
Iranbakhsh Alireza,90
J A Momoh,91
Jaber Taheri Shakib,92
Jae Chul Lee,93
Jae Hoon Cho,94
Jawad Rochdi,95
Jayesh Baldania,96
Jia Yaocheng,97
Jiang Hanxiu,98
Jiang Xiaomei,99
Jianguo Luo,100
Jiao Lei,101
Jiro Fujita,102
Joelle Kajuga,103
John T Serences,104
Jong II Baek,105
Junfei Zhou,106
Junwei Di,107
Kacem Mahmoudi,108
Kahsay Mawcha,109
Kazuo Yamamoto,110
Khalid Lahmadi,111
Khayatnezhad Majid,112
Koh Tomimori,113
Kristin Stocks,114
Kushal Doshi,115
Kwang-Hyun Baek,116
Kwang-Yul Cha,117
Kyu-Bum Kwack,118
L Butnaru,119
Larypoor Mohaddeseh,120
Letícia Colin Panegossi,121
Li Haiying,122
Li Huixing,123
Li Jialing,124
Li Jianzhang,125
Li Minjiao,126
Li Sha,127
Li Zifa,128
Lian An,129
Liang Wang,130
Libo Zhou,131
Lihong Chen,132
Lili Li,133
Lin Lejing,134
Lin Li,135
Lina Fan,136
Liu Yu,137
M Cruce,138
M Shafiq Ansari,139
M Sreenivas,140
M. V Pravin Charles,141
Ma Di,142
Ma Xin,143
Ma Yuexiang,144
Mahdavi Mojdeh,145
Majd Ahmad,146
Makram Hochlef,147
Manoj Kumar,148
Manole Cojocaru,149
Mark Pitts,150
Masachika Senba,151
Mehregan Iraj,152
Mehri Shahram,153
Meng Kuanhong,154
Miao He,155
Milan K Kantesaria,156
Minaeifar Abbas Amir,157
Mohamed Hedi Hamdaoui,158
Morabbi Heravi Hakimeh,159
Mrabet Yassine,160
Mukesh Kumar Shrewastwa,161
Nadeem Ahmad,162
Najafian Sakine,163
Naoki Mori,164
Naoki Yamamoto,165
Naval Kishor Yadav,166
Nikkhah Maryam,167
Nimesh C Parikh,168
Nisheet Patel,169
Olfa Gharbi,170
Ou Chun,171
Pan Li,172
Pan Xin,173
Peng Xiaobang,174
Peng Zhang,175
Peter Lemark,176
Prutha Desai,177
Qi Yue,178
Qian Xiaohui,179
Rabindra Kumar Mittal,180
Radu Tanasescu,181
Rajesh Kumar Goit,182
Rajesh Valjibhai Chawda,183
Rakesh Bahadur Singh,184
Richard B Islinger,185
Rishit Jayesh Soni,186
Roberto Gameiro,187
Romas Geleziunas,188
Romney C Anderson,189
S Chaturvedi,190
Salimpour Fahimeh,191
Sami Limem,192
Sanda Maria Deme,193
Sandy Faulkner,194
Sarhadi Nima,195
Shakoor Abdul,196
Sharifnia Fariba,197
Shen Zhongyuan,198
Shilpi Agrawal,199
Shreyash P Gandhi,200
Shu-Chen Mowang,201
Shunjie Chua,202
Slim ben Ahmed,203
Sook-Hwan Lee,204
Sotirios Baratsis,205
Sreenivasan Srirangaraj,206
Stavros Gourgiotis,207
Stefania Kory Calomfirescu,208
Sun Yanxia,209
Sung Tae Park,210
Sung-Won Cho,211
Suzhen Zhang,212
T Srinivas,213
Taeko Okudaira,214
Teizo Yoshimura,215
Tereza Cristina Cardoso,216
Thomas P Parks,217
Tian Huailiang,218
Timothy R Kuklo,219
Ting Song,220
Toshifumi Matsuyama,221
Toshiya Hirayama,222
Ulrich R Hengge,223
Vishwajeet Rohil,224
Waheed Abdul,225
Walter Jentzen,226
Wang Hua,227
Wang Yingxue,228
Wang Zelu,229
Wei Liang,230
Weixiong Zhang,231
Wenxiang Yang,232
Wu Xiaoxia,233
Wu Xiaoyong,234
XIngmin Xu,235
Xia Haiou,236
Xiao Hu,237
Xiao Huaping,238
Xie Bin,239
Xing Wei,240
Xu Chenheng,241
Xu Pengyuan,242
Xuhui Zhao,243
Yang Peng,244
Yang Xin,245
Yanpeng Zhao,246
Yao Jia,247
Yao Xixi,248
Yibing Yu,249
Yin Juan,250
Ying Wu,251
Yogita Haribhai Kataria,252
Yong Tang,253
Yongliang Lin,254
Yougqi Gao,255
Yu Haiyan,256
Yu Hangcheng,257
Zeng Fang,258
Zeng Xiancai,259
Zhang Xinxin,260
Zhang Zhiwei,261
Zhangfeng Hu,262
Zhao Hong,263
Zhao Xu,264
Zheng Tiesheng,265
Zheng Zhongbiao,266
Zhengzheng Wu,267
Zhong Junbo,268
Zhou Rui,269
Zhou Yan,270
Ziren Yan,271
Ö Yükselmiş,272
